id,nombre,genero,desarrolladores,publicadores,fecha_lanzamiento
1,Breakforcist battle,Party,Desconocido,Lucid Sheep Games,2018-04-12
2,Killallzombies,"Survival, third-person shooter",Beatshapers,Beatshapers,2019-01-24
3,Racedierun,Racing,QubicGames,QubicGames,2019-08-09
4,'n velore verstand,Adventure,Skobbejak Games,Skobbejak Games,2018-11-06
5,1-2-switch,Party,Nintendo EPD,Nintendo,2017-03-03
6,10 second run returns,"Party, racing",Blue Print,Blue Print,2018-01-25
7,1001 ultimate mahjong 2,Puzzle,Nawia Games,Nawia Games,2018-10-25
8,12 is better than 6,Adventure,Ink Stains Games,HypeTrain Digital,2019-03-05
9,12 labors of hercules'hercules,Adventure,"Jetdogs, Zoom Out Games",JetDogs,2019-03-24
10,12 orbits,Party,Roman Uhilg,Roman Uhilg,2018-04-27
11,140,Action,Carlsen Games,Carlsen Games,2019-01-09
12,1917: the alien invasion dx,Action,Andrade Games,Korion,2018-06-14
13,1979 revolution: black friday,Adventure,Ink Stories,Ink Stories,2018-08-02
14,2048 battles,Party,Baltoro Games,Baltoro Games,2019-09-20
15,2048 cat,Puzzle,Millo Games,Millo Games,2019-12-23
16,2064: read only memories integral,Adventure,MidBoss,MidBoss,2018-08-14
17,20xx,Platformer,Desconocido,Batterystaple Games,2018-07-10
18,30-in-1 game collection,Arcade,Digital Bards,Digital Bards,2019-05-30
19,36 fragments of midnight,Platformer,Petite Games,"JP: Rainy Frog, WW: Ratalaika Games",2017-09-14
20,3d minigolf,Sports,Joindots,Joindots,2018-02-01
21,60 parsecs!,Adventure,Robot Gentleman,Robot Gentleman,2019-12-20
22,60 seconds!,Adventure,Robot Gentleman,Robot Gentleman,2017-12-18
23,6180 the moon,Platformer,"Turtle Cream, PokPoong Games",Turtle Cream,2018-05-24
24,7 billion humans,Puzzle,Tomorrow Corporation,Tomorrow Corporation,2018-10-25
25,8-ball pocket,Sports,Super PowerUp Games,Super PowerUp Games,2019-12-25
26,88 heroes: 98 heroes edition,Platformer,Bitmap Bureau,Rising Star Games,2017-10-12
27,9 monkeys of shaolin,Beat 'em up,Sobaka Studio,Buka Entertainment,2025-04-06
28,90s super gp,Racing,"Nicalis, Pelikan13",Nicalis,2025-04-06
29,99moves,Action,EnjoyUp Games,"JP: Starsign, WW: EnjoyUp Games",2019-02-08
30,99seconds,Action,EnjoyUp Games,"JP: Starsign, WW: EnjoyUp Games",2019-01-04
31,99vidas,Beat 'em up,QUByte Interactive,QUByte Interactive,2018-11-27
32,A-kei otaku,Visual novel,Worker Bee,Worker Bee,2025-04-06
33,A dark room,Adventure,Scratchwork Development,Circle Entertainment,2019-04-11
34,A duel hand disaster: trackher,Action,Ask An Enemy Studios,Ask An Enemy Studios,2019-06-10
35,A hat in time,Action-adventure,Gears for Breakfast,Humble Bundle,2019-10-18
36,Aaero,"Action, rhythm",Mad Fellows,Mad Fellows,2018-12-24
37,Aborigenus,Platformer,Drageus Games,Drageus Games,2020-01-10
38,Abzû,Adventure,Desconocido,505 Games,2018-11-29
39,Access denied,Puzzle,Stately Snail,Ratalaika Games,2019-02-08
40,Ace of seafood,Shoot 'em up,Nussoft,Nussoft,2018-02-22
41,Aces of the luftwaffe: squadron,Shoot 'em up,HandyGames,"JP: Worker Bee, WW: HandyGames",2017-11-17
42,Achtung! cthulhu tactics,Tactical role-playing,Auroch Digital,Ripstone,2019-01-24
43,Acorn tactics,Turn-based strategy,Tacs Games,Tacs Games,2017-12-07
44,The adventure pals,Platformer,Massive Monster,Armor Games,2018-04-03
45,Adventure time: pirates of the enchiridion,Adventure,Climax Studios,"NA: Outright Games, PAL: Bandai Namco Entertainment",2018-07-17
46,Adventures of bertram fiddle episode 1: a dreadly business,Adventure,Rumpus Animation,Chorus Worldwide,2018-03-29
47,Adventures of bertram fiddle episode 2: a bleaker predicklement,Adventure,Rumpus Animation,Chorus Worldwide,2018-11-22
48,Adventures of elena temple,Platformer,GrimTalin,GrimTalin,2019-12-24
49,Aegis defenders,"Tower defense, platformer",Guts Department,Humble Bundle,2018-02-08
50,Aeternoblade,Action-adventure,Corecell Technology,PQube,2018-02-01
51,Aeternoblade ii,Action-adventure,Corecell Technology,PQube,2019-10-11
52,Afterparty,Adventure,Night School Studio,Night School Studio,2019-10-29
53,Ages of mages: the last keeper,Third-person shooter,YFC Games,YFC Games,2019-05-30
54,Agent a: a puzzle in disguise,Puzzle,Yak,Yak,2019-08-29
55,Aggelos,Action role-playing,Storybird Games,PQube,2019-04-24
56,Agony,Survival horror,Madmind Studio,Forever Entertainment,2019-10-31
57,Air conflicts: pacific carriers,Simulation,Desconocido,"JP: H2 Interactive, WW: Kalypso Media",2019-03-26
58,Air conflicts: secret wars,Simulation,Games Farm,"JP: H2 Interactive, WW: Kalypso Media",2019-03-26
59,Air hockey,Arcade,Sabec,Sabec,2018-02-28
60,Air mail,Simulation,N-Fusion Interactive,N-Fusion Interactive,2018-06-26
61,Ai: the somnium files,Adventure,Spike Chunsoft,Spike Chunsoft,2019-09-17
62,Alchemic dungeons dx,Roguelike,Q-Cumber Factory,Flyhigh Works,2019-02-14
63,Alien cruise,Adventure,Cotton Game,Orenda,2019-03-14
64,Alien escape,Puzzle,Korion,Korion,2019-07-12
65,Alien: isolation,Survival horror,Creative Assembly,Sega,2019-12-05
66,All-star fruit racing,Kart racing,3D Clouds,"JP: Circle Entertainment, WW: PQube",2018-08-21
67,The alliance alive hd remastered,Role-playing,Cattle Call,"JP: FuRyu, WW: NIS America",2019-10-08
68,Almost there: the platformer,"Action-adventure, platformer",The Quantum Astrophysicists Guild,The Quantum Astrophysicists Guild,2019-02-21
69,Alpha,Action,Kaname,Kaname,2019-04-18
70,Alteric,Platformer,Goonswarm,Sometimes You,2018-03-30
71,Alternate jake hunter: daedalus the awakening of golden jazz,Adventure,Neilo,Arc System Works,2019-05-23
72,Alwa’s awakening,Platformer,Elden Pixels,Elden Pixels,2018-09-27
73,Amazing brick breaker,Arcade,Cyberfront Korea,CFK,2019-11-28
74,Ambition of the slimes,"Turn-based strategy, role-playing",Altairworks,Flyhigh Works,2018-01-18
75,American fugitive,Action role-playing,Fallen Tree Games,Curve Digital,2019-05-23
76,American ninja warrior challenge,Action,GameMill Entertainment,GameMill Entertainment,2019-03-19
77,Among the sleep: enhanced edition,"Survival horror, action-adventure",Krillbite Studio,Soedesco,2019-05-29
78,Anarcute,"Action, strategy",Anarteam,"JP: Digital Bards, WW: Plug In Digital",2019-05-30
79,Ancient rush 2,Role-playing,Heideland GameWork,Heideland GameWork,2019-02-01
80,Angels of death,Adventure,Hoshikuzu KRNKRN,Playism,2018-06-28
81,Angry bunnies: colossal carrot crusade,Third-person shooter,YFC Games,YFC Games,2019-09-19
82,Animal crossing: new horizons,Simulation,Nintendo EPD,Nintendo,2020-03-20
83,Animal fight club,Strategy,Marco Amadei,Corvostudio di Amadei Marco,2019-07-26
84,Animal rivals,"Action, platformer",Blue Sunset Games,Blue Sunset Games,2018-07-18
85,Animated jigsaws: beautiful japanese scenery,Puzzle,Dico,Rainy Frog,2018-04-05
86,Animated jigsaws: japanese women,Puzzle,Dico,Rainy Frog,2018-10-04
87,Animus: stand alone,Action role-playing,Tenbirds,Bandai Namco,2019-01-03
88,Anonymous;code,Visual novel,5pb.,5pb.,2025-04-06
89,Another eden,Role-playing,Wright Flyer Studios,Wright Flyer Studios,2025-04-06
90,Another lost phone: laura's story,Puzzle,"Accidental Queens, Seaven Studio",Plug In Digital,2018-04-26
91,Another sight,Adventure,Lunar Great Wall Studios,Lunar Great Wall Studios,2019-06-28
92,Another world,Platformer,Dotemu,Dotemu,2018-07-09
93,Antiquia lost,Role-playing,Exe Create,Kemco,2017-11-16
94,Aokana: four rhythm across the blue,Visual novel,Sprite,Sprite,2025-04-06
95,Ape out,Action,Gabe Cuzzillo,Devolver Digital,2019-02-28
96,Aperion cyberstorm,Twin-stick shooter,Desconocido,aPriori Digital,2018-02-08
97,Apocryph: an old-school shooter,Shooter,Bigzur Games,Bigzur Games,2019-03-14
98,Aqua kitty udx,Shoot 'em up,Tikipod,Tikipod,2018-02-15
99,Aqua moto racing utopia,Racing,Zordix,Bigben Interactive,2018-04-27
100,Aragami: shadow edition,Action-adventure,Lince Works,Merge Games,2019-02-21
