id,nombre,genero,desarrolladores,publicadores,fecha_lanzamiento,plataforma,calificacion,tamano_gb
1,Breakforcist battle,Party,Desconocido,Lucid Sheep Games,2018-04-12,PC,7.5,69.6
2,Killallzombies,"Survival, third-person shooter",Beatshapers,Beatshapers,2019-01-24,PC,10.0,46.3
3,Racedierun,Racing,QubicGames,QubicGames,2019-08-09,PlayStation,8.1,8.8
4,'n velore verstand,Adventure,Skobbejak Games,Skobbejak Games,2018-11-06,Xbox,9.9,79.9
5,1-2-switch,Party,Nintendo EPD,Nintendo,2017-03-03,Xbox,9.4,67.7
6,10 second run returns,"Party, racing",Blue Print,Blue Print,2018-01-25,Xbox,6.0,77.7
7,1001 ultimate mahjong 2,Puzzle,Nawia Games,Nawia Games,2018-10-25,PC,8.9,74.5
8,12 is better than 6,Adventure,Ink Stains Games,HypeTrain Digital,2019-03-05,PC,8.7,68.7
9,12 labors of hercules'hercules,Adventure,"Jetdogs, Zoom Out Games",JetDogs,2019-03-24,Nintendo Switch,8.1,17.5
10,12 orbits,Party,Roman Uhilg,Roman Uhilg,2018-04-27,PC,7.1,41.4
11,140,Action,Carlsen Games,Carlsen Games,2019-01-09,PC,8.6,21.0
12,1917: the alien invasion dx,Action,Andrade Games,Korion,2018-06-14,PC,6.4,35.1
13,1979 revolution: black friday,Adventure,Ink Stories,Ink Stories,2018-08-02,Xbox,7.7,9.4
14,2048 battles,Party,Baltoro Games,Baltoro Games,2019-09-20,Xbox,7.8,33.4
15,2048 cat,Puzzle,Millo Games,Millo Games,2019-12-23,PC,9.8,78.9
16,2064: read only memories integral,Adventure,MidBoss,MidBoss,2018-08-14,Xbox,9.5,24.9
17,20xx,Platformer,Desconocido,Batterystaple Games,2018-07-10,Nintendo Switch,7.1,63.8
18,30-in-1 game collection,Arcade,Digital Bards,Digital Bards,2019-05-30,Xbox,8.0,39.1
19,36 fragments of midnight,Platformer,Petite Games,"JP: Rainy Frog, WW: Ratalaika Games",2017-09-14,Nintendo Switch,6.7,36.7
20,3d minigolf,Sports,Joindots,Joindots,2018-02-01,PlayStation,9.7,76.8
21,60 parsecs!,Adventure,Robot Gentleman,Robot Gentleman,2019-12-20,PC,9.5,79.7
22,60 seconds!,Adventure,Robot Gentleman,Robot Gentleman,2017-12-18,Xbox,7.2,46.7
23,6180 the moon,Platformer,"Turtle Cream, PokPoong Games",Turtle Cream,2018-05-24,Nintendo Switch,8.6,58.9
24,7 billion humans,Puzzle,Tomorrow Corporation,Tomorrow Corporation,2018-10-25,PlayStation,8.4,16.6
25,8-ball pocket,Sports,Super PowerUp Games,Super PowerUp Games,2019-12-25,PlayStation,6.6,27.3
26,88 heroes: 98 heroes edition,Platformer,Bitmap Bureau,Rising Star Games,2017-10-12,Xbox,9.1,77.7
27,9 monkeys of shaolin,Beat 'em up,Sobaka Studio,Buka Entertainment,2025-04-06,Xbox,8.2,48.4
28,90s super gp,Racing,"Nicalis, Pelikan13",Nicalis,2025-04-06,PlayStation,9.1,45.7
29,99moves,Action,EnjoyUp Games,"JP: Starsign, WW: EnjoyUp Games",2019-02-08,PC,8.1,61.1
30,99seconds,Action,EnjoyUp Games,"JP: Starsign, WW: EnjoyUp Games",2019-01-04,PC,6.0,9.3
31,99vidas,Beat 'em up,QUByte Interactive,QUByte Interactive,2018-11-27,Nintendo Switch,7.3,48.8
32,A-kei otaku,Visual novel,Worker Bee,Worker Bee,2025-04-06,PC,6.1,42.7
33,A dark room,Adventure,Scratchwork Development,Circle Entertainment,2019-04-11,PlayStation,9.7,69.0
34,A duel hand disaster: trackher,Action,Ask An Enemy Studios,Ask An Enemy Studios,2019-06-10,PlayStation,9.5,16.8
35,A hat in time,Action-adventure,Gears for Breakfast,Humble Bundle,2019-10-18,PlayStation,9.3,77.1
36,Aaero,"Action, rhythm",Mad Fellows,Mad Fellows,2018-12-24,PC,7.2,11.0
37,Aborigenus,Platformer,Drageus Games,Drageus Games,2020-01-10,Nintendo Switch,6.2,18.9
38,Abzû,Adventure,Desconocido,505 Games,2018-11-29,PC,9.5,49.6
39,Access denied,Puzzle,Stately Snail,Ratalaika Games,2019-02-08,Nintendo Switch,9.8,55.6
40,Ace of seafood,Shoot 'em up,Nussoft,Nussoft,2018-02-22,PC,6.3,22.6
41,Aces of the luftwaffe: squadron,Shoot 'em up,HandyGames,"JP: Worker Bee, WW: HandyGames",2017-11-17,PlayStation,7.9,14.0
42,Achtung! cthulhu tactics,Tactical role-playing,Auroch Digital,Ripstone,2019-01-24,PlayStation,6.3,71.8
43,Acorn tactics,Turn-based strategy,Tacs Games,Tacs Games,2017-12-07,Xbox,9.0,23.5
44,The adventure pals,Platformer,Massive Monster,Armor Games,2018-04-03,PC,9.1,49.6
45,Adventure time: pirates of the enchiridion,Adventure,Climax Studios,"NA: Outright Games, PAL: Bandai Namco Entertainment",2018-07-17,PC,6.5,51.5
46,Adventures of bertram fiddle episode 1: a dreadly business,Adventure,Rumpus Animation,Chorus Worldwide,2018-03-29,Xbox,7.9,36.4
47,Adventures of bertram fiddle episode 2: a bleaker predicklement,Adventure,Rumpus Animation,Chorus Worldwide,2018-11-22,PlayStation,8.2,48.8
48,Adventures of elena temple,Platformer,GrimTalin,GrimTalin,2019-12-24,PC,7.1,44.2
49,Aegis defenders,"Tower defense, platformer",Guts Department,Humble Bundle,2018-02-08,Xbox,9.5,75.1
50,Aeternoblade,Action-adventure,Corecell Technology,PQube,2018-02-01,PC,7.7,20.3
51,Aeternoblade ii,Action-adventure,Corecell Technology,PQube,2019-10-11,Nintendo Switch,6.8,58.7
52,Afterparty,Adventure,Night School Studio,Night School Studio,2019-10-29,PlayStation,8.2,22.9
53,Ages of mages: the last keeper,Third-person shooter,YFC Games,YFC Games,2019-05-30,Nintendo Switch,8.9,34.7
54,Agent a: a puzzle in disguise,Puzzle,Yak,Yak,2019-08-29,PlayStation,6.8,55.4
55,Aggelos,Action role-playing,Storybird Games,PQube,2019-04-24,Xbox,7.2,27.5
56,Agony,Survival horror,Madmind Studio,Forever Entertainment,2019-10-31,PlayStation,10.0,28.7
57,Air conflicts: pacific carriers,Simulation,Desconocido,"JP: H2 Interactive, WW: Kalypso Media",2019-03-26,PlayStation,8.6,61.4
58,Air conflicts: secret wars,Simulation,Games Farm,"JP: H2 Interactive, WW: Kalypso Media",2019-03-26,Xbox,7.8,10.4
59,Air hockey,Arcade,Sabec,Sabec,2018-02-28,PlayStation,8.1,39.4
60,Air mail,Simulation,N-Fusion Interactive,N-Fusion Interactive,2018-06-26,PC,6.5,79.9
61,Ai: the somnium files,Adventure,Spike Chunsoft,Spike Chunsoft,2019-09-17,Xbox,6.9,79.7
62,Alchemic dungeons dx,Roguelike,Q-Cumber Factory,Flyhigh Works,2019-02-14,Xbox,7.4,10.5
63,Alien cruise,Adventure,Cotton Game,Orenda,2019-03-14,Xbox,8.4,21.0
64,Alien escape,Puzzle,Korion,Korion,2019-07-12,Nintendo Switch,6.9,24.9
65,Alien: isolation,Survival horror,Creative Assembly,Sega,2019-12-05,Nintendo Switch,6.9,75.0
66,All-star fruit racing,Kart racing,3D Clouds,"JP: Circle Entertainment, WW: PQube",2018-08-21,PlayStation,6.3,71.1
67,The alliance alive hd remastered,Role-playing,Cattle Call,"JP: FuRyu, WW: NIS America",2019-10-08,Xbox,8.5,70.9
68,Almost there: the platformer,"Action-adventure, platformer",The Quantum Astrophysicists Guild,The Quantum Astrophysicists Guild,2019-02-21,PlayStation,6.9,32.7
69,Alpha,Action,Kaname,Kaname,2019-04-18,PC,9.6,16.8
70,Alteric,Platformer,Goonswarm,Sometimes You,2018-03-30,Xbox,9.4,67.5
71,Alternate jake hunter: daedalus the awakening of golden jazz,Adventure,Neilo,Arc System Works,2019-05-23,PC,6.3,57.8
72,Alwa’s awakening,Platformer,Elden Pixels,Elden Pixels,2018-09-27,PlayStation,7.0,50.9
73,Amazing brick breaker,Arcade,Cyberfront Korea,CFK,2019-11-28,Nintendo Switch,8.7,79.0
74,Ambition of the slimes,"Turn-based strategy, role-playing",Altairworks,Flyhigh Works,2018-01-18,PlayStation,6.9,54.0
75,American fugitive,Action role-playing,Fallen Tree Games,Curve Digital,2019-05-23,PC,6.5,5.6
76,American ninja warrior challenge,Action,GameMill Entertainment,GameMill Entertainment,2019-03-19,Xbox,9.7,66.3
77,Among the sleep: enhanced edition,"Survival horror, action-adventure",Krillbite Studio,Soedesco,2019-05-29,PlayStation,8.3,27.5
78,Anarcute,"Action, strategy",Anarteam,"JP: Digital Bards, WW: Plug In Digital",2019-05-30,Xbox,7.9,54.8
79,Ancient rush 2,Role-playing,Heideland GameWork,Heideland GameWork,2019-02-01,Nintendo Switch,9.1,75.4
80,Angels of death,Adventure,Hoshikuzu KRNKRN,Playism,2018-06-28,Nintendo Switch,9.2,15.1
81,Angry bunnies: colossal carrot crusade,Third-person shooter,YFC Games,YFC Games,2019-09-19,Nintendo Switch,6.8,13.7
82,Animal crossing: new horizons,Simulation,Nintendo EPD,Nintendo,2020-03-20,Xbox,6.4,13.0
83,Animal fight club,Strategy,Marco Amadei,Corvostudio di Amadei Marco,2019-07-26,PlayStation,7.7,46.5
84,Animal rivals,"Action, platformer",Blue Sunset Games,Blue Sunset Games,2018-07-18,Xbox,7.7,25.4
85,Animated jigsaws: beautiful japanese scenery,Puzzle,Dico,Rainy Frog,2018-04-05,Xbox,7.9,50.4
86,Animated jigsaws: japanese women,Puzzle,Dico,Rainy Frog,2018-10-04,PlayStation,8.9,58.8
87,Animus: stand alone,Action role-playing,Tenbirds,Bandai Namco,2019-01-03,Nintendo Switch,8.7,20.3
88,Anonymous;code,Visual novel,5pb.,5pb.,2025-04-06,Nintendo Switch,9.9,52.6
89,Another eden,Role-playing,Wright Flyer Studios,Wright Flyer Studios,2025-04-06,PlayStation,6.4,24.8
90,Another lost phone: laura's story,Puzzle,"Accidental Queens, Seaven Studio",Plug In Digital,2018-04-26,Xbox,7.6,41.6
91,Another sight,Adventure,Lunar Great Wall Studios,Lunar Great Wall Studios,2019-06-28,Xbox,7.4,72.9
92,Another world,Platformer,Dotemu,Dotemu,2018-07-09,Nintendo Switch,9.4,68.5
93,Antiquia lost,Role-playing,Exe Create,Kemco,2017-11-16,PC,7.0,11.9
94,Aokana: four rhythm across the blue,Visual novel,Sprite,Sprite,2025-04-06,PC,6.8,36.8
95,Ape out,Action,Gabe Cuzzillo,Devolver Digital,2019-02-28,PC,7.8,25.8
96,Aperion cyberstorm,Twin-stick shooter,Desconocido,aPriori Digital,2018-02-08,Xbox,7.7,5.3
97,Apocryph: an old-school shooter,Shooter,Bigzur Games,Bigzur Games,2019-03-14,Xbox,7.1,62.8
98,Aqua kitty udx,Shoot 'em up,Tikipod,Tikipod,2018-02-15,Nintendo Switch,7.0,52.8
99,Aqua moto racing utopia,Racing,Zordix,Bigben Interactive,2018-04-27,PC,9.7,24.6
100,Aragami: shadow edition,Action-adventure,Lince Works,Merge Games,2019-02-21,Nintendo Switch,7.8,60.6
